Pos,Team,Pld,W,D,L,GF,GA,GD,Pts,Qualification or relegation,League,Season
Premier_League,2020–21
1,38,27,5,6,83,32,+51,86,Qualification for theChampions League group stage,Premier_League,2020–21
2,38,21,11,6,73,44,+29,74,Premier_League,2020–21
3,38,20,9,9,68,42,+26,69,Premier_League,2020–21
4,38,19,10,9,58,36,+22,67,Premier_League,2020–21
5,38,20,6,12,68,50,+18,66,Qualification for theEuropa League group stage[a],Premier_League,2020–21
6,38,19,8,11,62,47,+15,65,Premier_League,2020–21
7,38,18,8,12,68,45,+23,62,Qualification for theEuropa Conference League play-off round[b],Premier_League,2020–21
8,38,18,7,13,55,39,+16,61,,Premier_League,2020–21
9,38,18,5,15,62,54,+8,59,Premier_League,2020–21
10,38,17,8,13,47,48,−1,59,Premier_League,2020–21
11,38,16,7,15,55,46,+9,55,Premier_League,2020–21
12,38,12,9,17,46,62,−16,45,Premier_League,2020–21
13,38,12,9,17,36,52,−16,45,Premier_League,2020–21
14,38,12,8,18,41,66,−25,44,Premier_League,2020–21
15,38,12,7,19,47,68,−21,43,Premier_League,2020–21
16,38,9,14,15,40,46,−6,41,Premier_League,2020–21
17,38,10,9,19,33,55,−22,39,Premier_League,2020–21
18,38,5,13,20,27,53,−26,28,Relegation toEFL Championship,Premier_League,2020–21
19,38,5,11,22,35,76,−41,26,Premier_League,2020–21
20,38,7,2,29,20,63,−43,23,Premier_League,2020–21
La_Liga,2020–21
1,38,26,8,4,67,25,+42,86,Qualification for theChampions League group stage,La_Liga,2020–21
2,38,25,9,4,67,28,+39,84,La_Liga,2020–21
3,38,24,7,7,85,38,+47,79,La_Liga,2020–21
4,38,24,5,9,53,33,+20,77,La_Liga,2020–21
5,38,17,11,10,59,38,+21,62,Qualification for theEuropa League group stage[b],La_Liga,2020–21
6,38,17,10,11,50,50,0,61,La_Liga,2020–21
7,38,15,13,10,60,44,+16,58,Qualification for theChampions League group stage[c],La_Liga,2020–21
8,38,14,11,13,55,57,−2,53,,La_Liga,2020–21
9,38,13,7,18,47,65,−18,46[d],La_Liga,2020–21
10,38,11,13,14,46,42,+4,46[d],La_Liga,2020–21
11,38,11,11,16,37,48,−11,44[e],La_Liga,2020–21
12,38,11,11,16,36,58,−22,44[e],La_Liga,2020–21
13,38,10,13,15,50,53,−3,43,La_Liga,2020–21
14,38,9,14,15,46,57,−11,41,La_Liga,2020–21
15,38,9,11,18,28,43,−15,38,La_Liga,2020–21
16,38,9,11,18,36,57,−21,38,La_Liga,2020–21
17,38,8,12,18,34,55,−21,36,La_Liga,2020–21
18,38,7,13,18,34,53,−19,34,Relegation toSegunda División,La_Liga,2020–21
19,38,5,16,17,34,57,−23,31,La_Liga,2020–21
20,38,6,12,20,29,52,−23,30,La_Liga,2020–21
Serie_A,2020–21
1,38,28,7,3,89,35,+54,91,Qualification forChampions League group stage,Serie_A,2020–21
2,38,24,7,7,74,41,+33,79,Serie_A,2020–21
3,38,23,9,6,90,47,+43,78[a],Serie_A,2020–21
4,38,23,9,6,77,38,+39,78[a],Serie_A,2020–21
5,38,24,5,9,86,41,+45,77,0Qualification forEuropa League group stage[b],Serie_A,2020–21
6,38,21,5,12,61,55,+6,68,Serie_A,2020–21
7,38,18,8,12,68,58,+10,62,0Qualification forConference League play-off round[b],Serie_A,2020–21
8,38,17,11,10,64,56,+8,62,,Serie_A,2020–21
9,38,15,7,16,52,54,−2,52,Serie_A,2020–21
10,38,11,12,15,46,48,−2,45,Serie_A,2020–21
11,38,10,12,16,47,58,−11,42,Serie_A,2020–21
12,38,10,11,17,51,65,−14,41,Serie_A,2020–21
13,38,9,13,16,47,59,−12,40,Serie_A,2020–21
14,38,10,10,18,42,58,−16,40,Serie_A,2020–21
15,38,9,12,17,52,72,−20,39,Serie_A,2020–21
16,38,9,10,19,43,59,−16,37,Serie_A,2020–21
17,38,7,16,15,50,69,−19,37,Serie_A,2020–21
18,38,7,12,19,40,75,−35,33,Relegation toSerie B,Serie_A,2020–21
19,38,6,5,27,45,92,−47,23,Serie_A,2020–21
20,38,3,11,24,39,83,−44,20,Serie_A,2020–21
Ligue_1,2020–21
1,38,24,11,3,64,23,+41,83,Qualification for theChampions League group stage,Ligue_1,2020–21
2,38,26,4,8,86,28,+58,82,Ligue_1,2020–21
3,38,24,6,8,76,42,+34,78,Qualification for theChampions League third qualifying round,Ligue_1,2020–21
4,38,22,10,6,81,43,+38,76,Qualification for theEuropa League group stage[a],Ligue_1,2020–21
5,38,16,12,10,54,47,+7,60,Ligue_1,2020–21
6,38,16,10,12,52,40,+12,58,Qualification for theEuropa Conference League play-off round[a],Ligue_1,2020–21
7,38,15,12,11,55,54,+1,57,,Ligue_1,2020–21
8,38,14,12,12,60,62,−2,54,Ligue_1,2020–21
9,38,15,7,16,50,53,−3,52,Ligue_1,2020–21
10,38,12,11,15,44,48,−4,47,Ligue_1,2020–21
11,38,12,10,16,42,54,−12,46,Ligue_1,2020–21
12,38,13,6,19,42,56,−14,45,Ligue_1,2020–21
13,38,12,8,18,40,58,−18,44,Ligue_1,2020–21
14,38,9,15,14,42,50,−8,42,Ligue_1,2020–21
15,38,11,9,18,49,58,−9,42,Ligue_1,2020–21
16,38,11,9,18,50,68,−18,42,Ligue_1,2020–21
17,38,11,8,19,50,66,−16,41,Ligue_1,2020–21
18,38,9,13,16,47,55,−8,40,Qualification for theRelegation play-offs,Ligue_1,2020–21
19,38,9,8,21,40,71,−31,35,Relegation to theLigue 2,Ligue_1,2020–21
20,38,4,9,25,25,73,−48,21,Ligue_1,2020–21
Bundesliga,2020–21
1,34,24,6,4,99,44,+55,78,Qualification for theChampions League group stage,Bundesliga,2020–21
2,34,19,8,7,60,32,+28,65,Bundesliga,2020–21
3,34,20,4,10,75,46,+29,64,Bundesliga,2020–21
4,34,17,10,7,61,37,+24,61,Bundesliga,2020–21
5,34,16,12,6,69,53,+16,60,Qualification for theEuropa League group stage[a],Bundesliga,2020–21
6,34,14,10,10,53,39,+14,52,Bundesliga,2020–21
7,34,12,14,8,50,43,+7,50,Qualification for theEuropa Conference League play-off round[a],Bundesliga,2020–21
8,34,13,10,11,64,56,+8,49,,Bundesliga,2020–21
9,34,12,9,13,56,55,+1,45,Bundesliga,2020–21
10,34,12,9,13,52,52,0,45,Bundesliga,2020–21
11,34,11,10,13,52,54,−2,43,Bundesliga,2020–21
12,34,10,9,15,39,56,−17,39,Bundesliga,2020–21
13,34,10,6,18,36,54,−18,36,Bundesliga,2020–21
14,34,8,11,15,41,52,−11,35,Bundesliga,2020–21
15,34,9,8,17,26,52,−26,35,Bundesliga,2020–21
16,34,8,9,17,34,60,−26,33,Qualification for therelegation play-offs,Bundesliga,2020–21
17,34,7,10,17,36,57,−21,31,Relegation to2. Bundesliga,Bundesliga,2020–21
18,34,3,7,24,25,86,−61,16,Bundesliga,2020–21
Premier_League,2021–22
1,38,29,6,3,99,26,+73,93,Qualification for theChampions League group stage,Premier_League,2021–22
2,38,28,8,2,94,26,+68,92,Premier_League,2021–22
3,38,21,11,6,76,33,+43,74,Premier_League,2021–22
4,38,22,5,11,69,40,+29,71,Premier_League,2021–22
5,38,22,3,13,61,48,+13,69,Qualification for theEuropa League group stage[a],Premier_League,2021–22
6,38,16,10,12,57,57,0,58,Premier_League,2021–22
7,38,16,8,14,60,51,+9,56,Qualification for theEuropa Conference League play-off round[a],Premier_League,2021–22
8,38,14,10,14,62,59,+3,52,,Premier_League,2021–22
9,38,12,15,11,42,44,−2,51,Premier_League,2021–22
10,38,15,6,17,38,43,−5,51,Premier_League,2021–22
11,38,13,10,15,44,62,−18,49,Premier_League,2021–22
12,38,11,15,12,50,46,+4,48,Premier_League,2021–22
13,38,13,7,18,48,56,−8,46,Premier_League,2021–22
14,38,13,6,19,52,54,−2,45,Premier_League,2021–22
15,38,9,13,16,43,67,−24,40,Premier_League,2021–22
16,38,11,6,21,43,66,−23,39,Premier_League,2021–22
17,38,9,11,18,42,79,−37,38,Premier_League,2021–22
18,38,7,14,17,34,53,−19,35,Relegation toEFL Championship,Premier_League,2021–22
19,38,6,5,27,34,77,−43,23,Premier_League,2021–22
20,38,5,7,26,23,84,−61,22,Premier_League,2021–22
La_Liga,2021–22
1,38,26,8,4,80,31,+49,86,Qualification for theChampions League group stage,La_Liga,2021–22
2,38,21,10,7,68,38,+30,73,La_Liga,2021–22
3,38,21,8,9,65,43,+22,71,La_Liga,2021–22
4,38,18,16,4,53,30,+23,70,La_Liga,2021–22
5,38,19,8,11,62,40,+22,65,Qualification for theEuropa League group stage[a],La_Liga,2021–22
6,38,17,11,10,40,37,+3,62,La_Liga,2021–22
7,38,16,11,11,63,37,+26,59,Qualification for theEuropa Conference League play-off round[a],La_Liga,2021–22
8,38,14,13,11,43,36,+7,55,,La_Liga,2021–22
9,38,11,15,12,48,53,−5,48,La_Liga,2021–22
10,38,12,11,15,37,51,−14,47,La_Liga,2021–22
11,38,12,10,16,43,43,0,46,La_Liga,2021–22
12,38,11,9,18,39,50,−11,42[b],La_Liga,2021–22
13,38,11,9,18,40,52,−12,42[b],La_Liga,2021–22
14,38,10,12,16,40,53,−13,42[b],La_Liga,2021–22
15,38,8,15,15,33,41,−8,39[c],La_Liga,2021–22
16,38,10,9,19,36,63,−27,39[c],La_Liga,2021–22
17,38,8,15,15,35,51,−16,39[c],La_Liga,2021–22
18,38,8,14,16,44,61,−17,38,Relegation toSegunda División,La_Liga,2021–22
19,38,8,11,19,51,76,−25,35,La_Liga,2021–22
20,38,8,7,23,31,65,−34,31,La_Liga,2021–22
Serie_A,2021–22
1,38,26,8,4,69,31,+38,86,Qualification for theChampions League group stage,Serie_A,2021–22
2,38,25,9,4,84,32,+52,84,Serie_A,2021–22
3,38,24,7,7,74,31,+43,79,Serie_A,2021–22
4,38,20,10,8,57,37,+20,70,Serie_A,2021–22
5,38,18,10,10,77,58,+19,64,0Qualification for theEuropa League group stage[a],Serie_A,2021–22
6,38,18,9,11,59,43,+16,63,Serie_A,2021–22
7,38,19,5,14,59,51,+8,62,0Qualification for theConference League play-off round[a],Serie_A,2021–22
8,38,16,11,11,65,48,+17,59,,Serie_A,2021–22
9,38,14,11,13,65,59,+6,53,Serie_A,2021–22
10,38,13,11,14,46,41,+5,50[b],Serie_A,2021–22
11,38,13,11,14,64,66,−2,50[b],Serie_A,2021–22
12,38,11,14,13,61,58,+3,47,Serie_A,2021–22
13,38,12,10,16,44,55,−11,46,Serie_A,2021–22
14,38,10,11,17,50,70,−20,41,Serie_A,2021–22
15,38,10,6,22,46,63,−17,36,Serie_A,2021–22
16,38,10,6,22,41,71,−30,36,Serie_A,2021–22
17,38,7,10,21,33,78,−45,31,Serie_A,2021–22
18,38,6,12,20,34,68,−34,30,Relegation toSerie B,Serie_A,2021–22
19,38,4,16,18,27,60,−33,28,Serie_A,2021–22
20,38,6,9,23,34,69,−35,27,Serie_A,2021–22
Ligue_1,2021–22
1,38,26,8,4,90,36,+54,86,Qualification for theChampions League group stage,Ligue_1,2021–22
2,38,21,8,9,63,38,+25,71,Ligue_1,2021–22
3,38,20,9,9,65,40,+25,69,Qualification for theChampions League third qualifying round,Ligue_1,2021–22
4,38,20,6,12,82,40,+42,66,Qualification for theEuropa League group stage,Ligue_1,2021–22
5,38,20,7,11,52,36,+16,66[a],Qualification for theEuropa Conference League play-off round,Ligue_1,2021–22
6,38,17,12,9,60,43,+17,63,,Ligue_1,2021–22
7,38,17,11,10,62,48,+14,62,Ligue_1,2021–22
8,38,17,11,10,66,51,+15,61[b],Ligue_1,2021–22
9,38,15,10,13,55,48,+7,55,Qualification for theEuropa League group stage[c],Ligue_1,2021–22
10,38,14,13,11,48,48,0,55,,Ligue_1,2021–22
11,38,13,9,16,49,57,−8,48,Ligue_1,2021–22
12,38,11,13,14,43,44,−1,46,Ligue_1,2021–22
13,38,12,7,19,49,61,−12,43,Ligue_1,2021–22
14,38,10,11,17,44,55,−11,41,Ligue_1,2021–22
15,38,9,11,18,37,53,−16,38,Ligue_1,2021–22
16,38,8,12,18,35,63,−28,36,Ligue_1,2021–22
17,38,9,9,20,38,69,−31,36,Ligue_1,2021–22
18,38,7,11,20,42,77,−35,32,Qualification for therelegation play-offs,Ligue_1,2021–22
19,38,6,13,19,35,69,−34,31,Relegation toLigue 2[d],Ligue_1,2021–22
20,38,6,13,19,52,91,−39,31,Ligue_1,2021–22
Bundesliga,2021–22
1,34,24,5,5,97,37,+60,77,Qualification for theChampions League group stage,Bundesliga,2021–22
2,34,22,3,9,85,52,+33,69,Bundesliga,2021–22
3,34,19,7,8,80,47,+33,64,Bundesliga,2021–22
4,34,17,7,10,72,37,+35,58,Bundesliga,2021–22
5,34,16,9,9,50,44,+6,57,Qualification for theEuropa League group stage[a],Bundesliga,2021–22
6,34,15,10,9,58,46,+12,55,Bundesliga,2021–22
7,34,14,10,10,52,49,+3,52,Qualification for theEuropa Conference League play-off round[a],Bundesliga,2021–22
8,34,13,7,14,50,45,+5,46,,Bundesliga,2021–22
9,34,13,7,14,58,60,−2,46,Bundesliga,2021–22
10,34,12,9,13,54,61,−7,45,Bundesliga,2021–22
11,34,10,12,12,45,49,−4,42,Qualification for theChampions League group stage[b],Bundesliga,2021–22
12,34,12,6,16,43,54,−11,42,,Bundesliga,2021–22
13,34,12,6,16,38,52,−14,42,Bundesliga,2021–22
14,34,10,8,16,39,56,−17,38,Bundesliga,2021–22
15,34,7,12,15,41,59,−18,33,Bundesliga,2021–22
16,34,9,6,19,37,71,−34,33,Qualification for therelegation play-offs,Bundesliga,2021–22
17,34,5,13,16,27,53,−26,28,Relegation to2. Bundesliga,Bundesliga,2021–22
18,34,3,9,22,28,82,−54,18,Bundesliga,2021–22
Premier_League,2022–23
1,38,28,5,5,94,33,+61,89,Qualification toChampions League group stage,Premier_League,2022–23
2,38,26,6,6,88,43,+45,84,Premier_League,2022–23
3,38,23,6,9,58,43,+15,75,Premier_League,2022–23
4,38,19,14,5,68,33,+35,71,Premier_League,2022–23
5,38,19,10,9,75,47,+28,67,Qualification toEuropa League group stage[a],Premier_League,2022–23
6,38,18,8,12,72,53,+19,62,Premier_League,2022–23
7,38,18,7,13,51,46,+5,61,Qualification toEuropa Conference League play-off round[b],Premier_League,2022–23
8,38,18,6,14,70,63,+7,60,,Premier_League,2022–23
9,38,15,14,9,58,46,+12,59,Premier_League,2022–23
10,38,15,7,16,55,53,+2,52,Premier_League,2022–23
11,38,11,12,15,40,49,−9,45,Premier_League,2022–23
12,38,11,11,16,38,47,−9,44,Premier_League,2022–23
13,38,11,8,19,31,58,−27,41,Premier_League,2022–23
14,38,11,7,20,42,55,−13,40,Qualification toEuropa League group stage[c],Premier_League,2022–23
15,38,11,6,21,37,71,−34,39,,Premier_League,2022–23
16,38,9,11,18,38,68,−30,38,Premier_League,2022–23
17,38,8,12,18,34,57,−23,36,Premier_League,2022–23
18,38,9,7,22,51,68,−17,34,Relegation toEFL Championship,Premier_League,2022–23
19,38,7,10,21,48,78,−30,31,Premier_League,2022–23
20,38,6,7,25,36,73,−37,25,Premier_League,2022–23
La_Liga,2022–23
1,38,28,4,6,70,20,+50,88,Qualification for theChampions League group stage,La_Liga,2022–23
2,38,24,6,8,75,36,+39,78,La_Liga,2022–23
3,38,23,8,7,70,33,+37,77,La_Liga,2022–23
4,38,21,8,9,51,35,+16,71,La_Liga,2022–23
5,38,19,7,12,59,40,+19,64,Qualification for theEuropa League group stage,La_Liga,2022–23
6,38,17,9,12,46,41,+5,60,La_Liga,2022–23
7,38,15,8,15,37,42,−5,53,Qualification for theEuropa Conference League play-off round[a],La_Liga,2022–23
8,38,14,9,15,47,43,+4,51,,La_Liga,2022–23
9,38,14,8,16,37,43,−6,50,La_Liga,2022–23
10,38,13,10,15,58,55,+3,49[b],La_Liga,2022–23
11,38,13,10,15,45,53,−8,49[b],La_Liga,2022–23
12,38,13,10,15,47,54,−7,49[b],Qualification for theChampions League group stage[c],La_Liga,2022–23
13,38,11,10,17,43,53,−10,43,,La_Liga,2022–23
14,38,10,12,16,30,53,−23,42[d],La_Liga,2022–23
15,38,10,12,16,34,45,−11,42[d],La_Liga,2022–23
16,38,11,9,18,42,45,−3,42[d],La_Liga,2022–23
17,38,11,8,19,49,65,−16,41,La_Liga,2022–23
18,38,11,7,20,33,63,−30,40,Relegation toSegunda División,La_Liga,2022–23
19,38,8,13,17,52,69,−17,37,La_Liga,2022–23
20,38,5,10,23,30,67,−37,25,La_Liga,2022–23
Serie_A,2022–23
1,38,28,6,4,77,28,+49,90,Qualification for theChampions League group stage[a],Serie_A,2022–23
2,38,22,8,8,60,30,+30,74,Serie_A,2022–23
3,38,23,3,12,71,42,+29,72,Serie_A,2022–23
4,38,20,10,8,64,43,+21,70,Serie_A,2022–23
5,38,19,7,12,66,48,+18,64,Qualification for theEuropa League group stage[b],Serie_A,2022–23
6,38,18,9,11,50,38,+12,63,Serie_A,2022–23
7,38,22,6,10,56,33,+23,62[d],,Serie_A,2022–23
8,38,15,11,12,53,43,+10,56,Qualification for theΕuropa Conference League play-off round,Serie_A,2022–23
9,38,14,12,12,53,49,+4,54,,Serie_A,2022–23
10,38,14,11,13,42,41,+1,53,Serie_A,2022–23
11,38,14,10,14,48,52,−4,52,Serie_A,2022–23
12,38,11,13,14,47,48,−1,46,Serie_A,2022–23
13,38,12,9,17,47,61,−14,45,Serie_A,2022–23
14,38,10,13,15,37,49,−12,43,Serie_A,2022–23
15,38,9,15,14,48,62,−14,42,Serie_A,2022–23
16,38,8,12,18,33,46,−13,36,Serie_A,2022–23
17,38,6,13,19,31,62,−31,31[e],Qualification for theRelegation tie-breaker[a],Serie_A,2022–23
18,38,7,10,21,31,59,−28,31[e],Serie_A,2022–23
19,38,5,12,21,36,69,−33,27,Relegation toSerie B,Serie_A,2022–23
20,38,3,10,25,24,71,−47,19,Serie_A,2022–23
Ligue_1,2022–23
1,38,27,4,7,89,40,+49,85,Qualification for theChampions League group stage,Ligue_1,2022–23
2,38,25,9,4,68,29,+39,84,Ligue_1,2022–23
3,38,22,7,9,67,40,+27,73,Qualification for theChampions League third qualifying round,Ligue_1,2022–23
4,38,21,5,12,69,39,+30,68,Qualification for theEuropa League group stage,Ligue_1,2022–23
5,38,19,10,9,65,44,+21,67,Qualification for theEuropa Conference League play-off round,Ligue_1,2022–23
6,38,19,8,11,70,58,+12,65,,Ligue_1,2022–23
7,38,18,8,12,65,47,+18,62,Ligue_1,2022–23
8,38,17,8,13,45,49,−4,59,Ligue_1,2022–23
9,38,15,13,10,48,37,+11,58,Ligue_1,2022–23
10,38,15,10,13,52,53,−1,55,Ligue_1,2022–23
11,38,12,15,11,45,45,0,51,Ligue_1,2022–23
12,38,15,5,18,65,62,+3,50,Ligue_1,2022–23
13,38,13,9,16,51,57,−6,48,Qualification for theEuropa League group stage[a],Ligue_1,2022–23
14,38,11,11,16,44,54,−10,44,,Ligue_1,2022–23
15,38,9,13,16,51,59,−8,40,Ligue_1,2022–23
16,38,7,15,16,37,55,−18,36,Ligue_1,2022–23
17,38,8,11,19,35,63,−28,35,Relegation toLigue 2,Ligue_1,2022–23
18,38,7,5,26,23,74,−51,26,Ligue_1,2022–23
19,38,4,12,22,45,81,−36,24,Ligue_1,2022–23
20,38,4,6,28,33,81,−48,18,Ligue_1,2022–23
Bundesliga,2022–23
1,34,21,8,5,92,38,+54,71,Qualification for theChampions League group stage,Bundesliga,2022–23
2,34,22,5,7,83,44,+39,71,Bundesliga,2022–23
3,34,20,6,8,64,41,+23,66,Bundesliga,2022–23
4,34,18,8,8,51,38,+13,62,Bundesliga,2022–23
5,34,17,8,9,51,44,+7,59,Qualification for theEuropa League group stage[a],Bundesliga,2022–23
6,34,14,8,12,57,49,+8,50,Bundesliga,2022–23
7,34,13,11,10,58,52,+6,50,Qualification for theEuropa Conference League play-off round[a],Bundesliga,2022–23
8,34,13,10,11,57,48,+9,49,,Bundesliga,2022–23
9,34,12,10,12,54,55,−1,46,Bundesliga,2022–23
10,34,11,10,13,52,55,−3,43,Bundesliga,2022–23
11,34,10,12,12,49,54,−5,42,Bundesliga,2022–23
12,34,10,6,18,48,57,−9,36,Bundesliga,2022–23
13,34,10,6,18,51,64,−13,36,Bundesliga,2022–23
14,34,10,5,19,40,72,−32,35,Bundesliga,2022–23
15,34,9,7,18,42,63,−21,34,Bundesliga,2022–23
16,34,7,12,15,45,57,−12,33,Qualification for therelegation play-offs,Bundesliga,2022–23
17,34,7,10,17,35,71,−36,31,Relegation to2. Bundesliga,Bundesliga,2022–23
18,34,7,8,19,42,69,−27,29,Bundesliga,2022–23
Premier_League,2023–24
1,38,28,7,3,96,34,+62,91,Qualification for theChampions League league phase,Premier_League,2023–24
2,38,28,5,5,91,29,+62,89,Premier_League,2023–24
3,38,24,10,4,86,41,+45,82,Premier_League,2023–24
4,38,20,8,10,76,61,+15,68,Premier_League,2023–24
5,38,20,6,12,74,61,+13,66,Qualification for theEuropa League league phase,Premier_League,2023–24
6,38,18,9,11,77,63,+14,63,Qualification for theConference League play-off round[a],Premier_League,2023–24
7,38,18,6,14,85,62,+23,60,,Premier_League,2023–24
8,38,18,6,14,57,58,−1,60,Qualification for theEuropa League league phase[b],Premier_League,2023–24
9,38,14,10,14,60,74,−14,52,,Premier_League,2023–24
10,38,13,10,15,57,58,−1,49,Premier_League,2023–24
11,38,12,12,14,55,62,−7,48,Premier_League,2023–24
12,38,13,9,16,54,67,−13,48,Premier_League,2023–24
13,38,13,8,17,55,61,−6,47,Premier_League,2023–24
14,38,13,7,18,50,65,−15,46,Premier_League,2023–24
15,38,13,9,16,40,51,−11,40[c],Premier_League,2023–24
16,38,10,9,19,56,65,−9,39,Premier_League,2023–24
17,38,9,9,20,49,67,−18,32[d],Premier_League,2023–24
18,38,6,8,24,52,85,−33,26,Relegation toEFL Championship,Premier_League,2023–24
19,38,5,9,24,41,78,−37,24,Premier_League,2023–24
20,38,3,7,28,35,104,−69,16,Premier_League,2023–24
La_Liga,2023–24
1,38,29,8,1,87,26,+61,95,Qualification for theChampions League league phase,La_Liga,2023–24
2,38,26,7,5,79,44,+35,85,La_Liga,2023–24
3,38,25,6,7,85,46,+39,81,La_Liga,2023–24
4,38,24,4,10,70,43,+27,76,La_Liga,2023–24
5,38,19,11,8,61,37,+24,68,Qualification for theEuropa League league phase[a],La_Liga,2023–24
6,38,16,12,10,51,39,+12,60,La_Liga,2023–24
7,38,14,15,9,48,45,+3,57,Qualification for theConference League play-off round[a],La_Liga,2023–24
8,38,14,11,13,65,65,0,53,,La_Liga,2023–24
9,38,13,10,15,40,45,−5,49,La_Liga,2023–24
10,38,12,10,16,36,46,−10,46,La_Liga,2023–24
11,38,12,9,17,45,56,−11,45,La_Liga,2023–24
12,38,10,13,15,42,54,−12,43,La_Liga,2023–24
13,38,10,11,17,46,57,−11,41[b],La_Liga,2023–24
14,38,10,11,17,48,54,−6,41[b],La_Liga,2023–24
15,38,8,16,14,33,44,−11,40[c],La_Liga,2023–24
16,38,10,10,18,33,47,−14,40[c],La_Liga,2023–24
17,38,8,14,16,29,48,−19,38,La_Liga,2023–24
18,38,6,15,17,26,55,−29,33,Relegation toSegunda División,La_Liga,2023–24
19,38,3,12,23,43,75,−32,21[d],La_Liga,2023–24
20,38,4,9,25,38,79,−41,21[d],La_Liga,2023–24
Serie_A,2023–24
1,38,29,7,2,89,22,+67,94,Qualification for theChampions League league phase[a],Serie_A,2023–24
2,38,22,9,7,76,49,+27,75,Serie_A,2023–24
3,38,19,14,5,54,31,+23,71,Serie_A,2023–24
4,38,21,6,11,72,42,+30,69,Serie_A,2023–24
5,38,18,14,6,54,32,+22,68,Serie_A,2023–24
6,38,18,9,11,65,46,+19,63,Qualification for theEuropa League league phase[b],Serie_A,2023–24
7,38,18,7,13,49,39,+10,61,Serie_A,2023–24
8,38,17,9,12,61,46,+15,60,Qualification for theConference League play-off round,Serie_A,2023–24
9,38,13,14,11,36,36,0,53[c],,Serie_A,2023–24
10,38,13,14,11,55,48,+7,53[c],Serie_A,2023–24
11,38,12,13,13,45,45,0,49,Serie_A,2023–24
12,38,11,12,15,39,51,−12,45,Serie_A,2023–24
13,38,9,11,18,38,51,−13,38[d],Serie_A,2023–24
14,38,8,14,16,32,54,−22,38[d],Serie_A,2023–24
15,38,6,19,13,37,53,−16,37,Serie_A,2023–24
16,38,8,12,18,42,68,−26,36[e],Serie_A,2023–24
17,38,9,9,20,29,54,−25,36[e],Serie_A,2023–24
18,38,8,11,19,44,69,−25,35,Relegation toSerie B,Serie_A,2023–24
19,38,7,9,22,43,75,−32,30,Serie_A,2023–24
20,38,2,11,25,32,81,−49,17,Serie_A,2023–24
Ligue_1,2023–24
1,34,22,10,2,81,33,+48,76,Qualification for theChampions League league phase,Ligue_1,2023–24
2,34,20,7,7,68,42,+26,67,Ligue_1,2023–24
3,34,17,10,7,53,34,+19,61,Ligue_1,2023–24
4,34,16,11,7,52,34,+18,59,Qualification for theChampions League third qualifying round,Ligue_1,2023–24
5,34,15,10,9,40,29,+11,55,Qualification for theEuropa League league phase[a],Ligue_1,2023–24
6,34,16,5,13,49,55,−6,53,Ligue_1,2023–24
7,34,14,9,11,45,37,+8,51,Qualification for theConference League play-off round,Ligue_1,2023–24
8,34,13,11,10,52,41,+11,50,,Ligue_1,2023–24
9,34,13,8,13,42,47,−5,47,Ligue_1,2023–24
10,34,12,10,12,53,46,+7,46,Ligue_1,2023–24
11,34,11,10,13,42,46,−4,43,Ligue_1,2023–24
12,34,10,12,12,43,48,−5,41,Ligue_1,2023–24
13,34,10,9,15,38,50,−12,39,Ligue_1,2023–24
14,34,9,6,19,30,55,−25,33,Ligue_1,2023–24
15,34,7,11,16,34,45,−11,32,Ligue_1,2023–24
16,34,8,5,21,35,58,−23,29[c],Qualification for theRelegation play-offs,Ligue_1,2023–24
17,34,7,8,19,43,66,−23,29[c],Relegation toLigue 2,Ligue_1,2023–24
18,34,5,10,19,26,60,−34,25,Ligue_1,2023–24
Bundesliga,2023–24
1,34,28,6,0,89,24,+65,90,Qualification for theChampions League league phase[a],Bundesliga,2023–24
2,34,23,4,7,78,39,+39,73,Bundesliga,2023–24
3,34,23,3,8,94,45,+49,72,Bundesliga,2023–24
4,34,19,8,7,77,39,+38,65,Bundesliga,2023–24
5,34,18,9,7,68,43,+25,63,Bundesliga,2023–24
6,34,11,14,9,51,50,+1,47,Qualification for theEuropa League league phase[b],Bundesliga,2023–24
7,34,13,7,14,66,66,0,46,Bundesliga,2023–24
8,34,10,12,12,50,55,−5,42,Qualification for theConference League play-off round[b],Bundesliga,2023–24
9,34,11,9,14,48,54,−6,42,,Bundesliga,2023–24
10,34,11,9,14,45,58,−13,42,Bundesliga,2023–24
11,34,10,9,15,50,60,−10,39,Bundesliga,2023–24
12,34,10,7,17,41,56,−15,37,Bundesliga,2023–24
13,34,7,14,13,39,51,−12,35,Bundesliga,2023–24
14,34,7,13,14,56,67,−11,34,Bundesliga,2023–24
15,34,9,6,19,33,58,−25,33,Bundesliga,2023–24
16,34,7,12,15,42,74,−32,33,Qualification for therelegation play-offs,Bundesliga,2023–24
17,34,5,12,17,28,60,−32,27,Relegation to2. Bundesliga,Bundesliga,2023–24
18,34,3,8,23,30,86,−56,17,Bundesliga,2023–24
Premier_League,2024–25
1,38,25,9,4,86,41,+45,84,Qualification for theChampions League league phase[a],Premier_League,2024–25
2,38,20,14,4,69,34,+35,74,Premier_League,2024–25
3,38,21,8,9,72,44,+28,71,Premier_League,2024–25
4,38,20,9,9,64,43,+21,69,Premier_League,2024–25
5,38,20,6,12,68,47,+21,66,Premier_League,2024–25
6,38,19,9,10,58,51,+7,66,Qualification for theEuropa League league phase[b],Premier_League,2024–25
7,38,19,8,11,58,46,+12,65,Premier_League,2024–25
8,38,16,13,9,66,59,+7,61,,Premier_League,2024–25
9,38,15,11,12,58,46,+12,56,Premier_League,2024–25
10,38,16,8,14,66,57,+9,56,Premier_League,2024–25
11,38,15,9,14,54,54,0,54,Premier_League,2024–25
12,38,13,14,11,51,51,0,53,Qualification for theConference League play-off round[c],Premier_League,2024–25
13,38,11,15,12,42,44,−2,48,,Premier_League,2024–25
14,38,11,10,17,46,62,−16,43,Premier_League,2024–25
15,38,11,9,18,44,54,−10,42,Premier_League,2024–25
16,38,12,6,20,54,69,−15,42,Premier_League,2024–25
17,38,11,5,22,64,65,−1,38,Qualification for theChampions League league phase[d],Premier_League,2024–25
18,38,6,7,25,33,80,−47,25,Relegation toEFL Championship,Premier_League,2024–25
19,38,4,10,24,36,82,−46,22,Premier_League,2024–25
20,38,2,6,30,26,86,−60,12,Premier_League,2024–25
La_Liga,2024–25
1,38,28,4,6,102,39,+63,88,Qualification for theChampions League league stage[a],La_Liga,2024–25
2,38,26,6,6,78,38,+40,84,La_Liga,2024–25
3,38,22,10,6,68,30,+38,76,La_Liga,2024–25
4,38,19,13,6,54,29,+25,70[b],La_Liga,2024–25
5,38,20,10,8,71,51,+20,70[b],La_Liga,2024–25
6,38,16,12,10,57,50,+7,60,Qualification for theEuropa League league stage[c],La_Liga,2024–25
7,38,16,7,15,59,57,+2,55,La_Liga,2024–25
8,38,13,13,12,41,45,−4,52[d],Qualification for theConference League play-off round,La_Liga,2024–25
9,38,12,16,10,48,52,−4,52[d],,La_Liga,2024–25
10,38,13,9,16,35,44,−9,48,La_Liga,2024–25
11,38,13,7,18,35,46,−11,46[e],La_Liga,2024–25
12,38,11,13,14,44,54,−10,46[e],La_Liga,2024–25
13,38,11,9,18,34,39,−5,42[f],La_Liga,2024–25
14,38,11,9,18,40,51,−11,42[f],La_Liga,2024–25
15,38,10,12,16,38,48,−10,42[f],La_Liga,2024–25
16,38,11,8,19,44,60,−16,41[g],La_Liga,2024–25
17,38,10,11,17,42,55,−13,41[g],La_Liga,2024–25
18,38,9,13,16,39,56,−17,40,Relegation toSegunda División,La_Liga,2024–25
19,38,8,8,22,40,61,−21,32,La_Liga,2024–25
20,38,4,4,30,26,90,−64,16,La_Liga,2024–25
Serie_A,2024–25
1,38,24,10,4,59,27,+32,82,Qualification for theChampions League league phase,Serie_A,2024–25
2,38,24,9,5,79,35,+44,81,Serie_A,2024–25
3,38,22,8,8,78,37,+41,74,Serie_A,2024–25
4,38,18,16,4,58,35,+23,70,Serie_A,2024–25
5,38,20,9,9,56,35,+21,69,Qualification for theEuropa League league phase,Serie_A,2024–25
6,38,19,8,11,60,41,+19,65[a],Qualification for theConference League play-off round,Serie_A,2024–25
7,38,18,11,9,61,49,+12,65[a],,Serie_A,2024–25
8,38,18,9,11,61,43,+18,63,Serie_A,2024–25
9,38,16,14,8,57,47,+10,62,Qualification for theEuropa League league phase[b],Serie_A,2024–25
10,38,13,10,15,49,52,−3,49,,Serie_A,2024–25
11,38,10,14,14,39,45,−6,44[c],Serie_A,2024–25
12,38,12,8,18,41,56,−15,44[c],Serie_A,2024–25
13,38,10,13,15,37,49,−12,43,Serie_A,2024–25
14,38,10,7,21,34,66,−32,37,Serie_A,2024–25
15,38,9,9,20,40,56,−16,36[d],Serie_A,2024–25
16,38,7,15,16,44,58,−14,36[d],Serie_A,2024–25
17,38,8,10,20,27,58,−31,34,Serie_A,2024–25
18,38,6,13,19,33,59,−26,31,Relegation toSerie B,Serie_A,2024–25
19,38,5,14,19,32,56,−24,29,Serie_A,2024–25
20,38,3,9,26,28,69,−41,18,Serie_A,2024–25
Ligue_1,2024–25
1,34,26,6,2,92,35,+57,84,Qualification for theChampions League league phase,Ligue_1,2024–25
2,34,20,5,9,74,47,+27,65,Ligue_1,2024–25
3,34,18,7,9,63,41,+22,61,Ligue_1,2024–25
4,34,17,9,8,66,41,+25,60,Qualification for theChampions League third qualifying round,Ligue_1,2024–25
5,34,17,9,8,52,36,+16,60,Qualification for theEuropa League league phase[a],Ligue_1,2024–25
6,34,17,6,11,65,46,+19,57,Ligue_1,2024–25
7,34,16,9,9,56,44,+12,57,Qualification for theConference League play-off round[a],Ligue_1,2024–25
8,34,15,7,12,42,39,+3,52,,Ligue_1,2024–25
9,34,15,5,14,52,59,−7,50,Ligue_1,2024–25
10,34,11,9,14,44,43,+1,42,Ligue_1,2024–25
11,34,11,9,14,48,51,−3,42,Ligue_1,2024–25
12,34,13,2,19,51,50,+1,41,Ligue_1,2024–25
13,34,8,12,14,39,52,−13,36,Ligue_1,2024–25
14,34,10,6,18,32,53,−21,36,Ligue_1,2024–25
15,34,10,4,20,40,71,−31,34,Ligue_1,2024–25
16,34,8,9,17,33,47,−14,33,Qualification for therelegation play-offs,Ligue_1,2024–25
17,34,8,6,20,39,77,−38,30,Relegation toLigue 2,Ligue_1,2024–25
18,34,4,4,26,23,79,−56,16,Ligue_1,2024–25
Bundesliga,2024–25
1,34,25,7,2,99,32,+67,82,Qualification for theChampions League league phase,Bundesliga,2024–25
2,34,19,12,3,72,43,+29,69,Bundesliga,2024–25
3,34,17,9,8,68,46,+22,60,Bundesliga,2024–25
4,34,17,6,11,71,51,+20,57,Bundesliga,2024–25
5,34,16,7,11,49,53,−4,55,Qualification for theEuropa League league phase,Bundesliga,2024–25
6,34,14,10,10,55,43,+12,52,Qualification for theConference League play-off round,Bundesliga,2024–25
7,34,13,12,9,53,48,+5,51,,Bundesliga,2024–25
8,34,14,9,11,54,57,−3,51,Bundesliga,2024–25
9,34,14,8,12,64,53,+11,50,Qualification for theEuropa League league phase[a],Bundesliga,2024–25
10,34,13,6,15,55,57,−2,45,,Bundesliga,2024–25
11,34,11,10,13,56,54,+2,43,Bundesliga,2024–25
12,34,11,10,13,35,51,−16,43,Bundesliga,2024–25
13,34,10,10,14,35,51,−16,40,Bundesliga,2024–25
14,34,8,8,18,28,41,−13,32,Bundesliga,2024–25
15,34,7,11,16,46,68,−22,32,Bundesliga,2024–25
16,34,8,5,21,37,64,−27,29,Qualification for therelegation play-offs,Bundesliga,2024–25
17,34,6,7,21,49,80,−31,25,Relegation to2. Bundesliga,Bundesliga,2024–25
18,34,6,7,21,33,67,−34,25,Bundesliga,2024–25
